# Authored external identities; pins and semantic obligations remain explicit and open.
# These are dependency names, not unconstrained executable callbacks.
ext.infra.standard
ext.infra.byte
ext.infra.byte-sequence
ext.infra.code-point
ext.infra.surrogate
ext.infra.noncharacter
ext.infra.scalar-value
ext.infra.scalar-value-string
ext.infra.string
ext.infra.ascii-string
ext.infra.ascii
ext.infra.unsigned-integers
ext.infra.list
ext.infra.tuple
ext.infra.map
ext.infra.struct
ext.infra.strictly-split
ext.infra.string-operations
ext.infra.isomorphic-decode
ext.infra.list-sort
ext.infra.code-unit-less-than
ext.encoding.standard
ext.encoding.encoding
ext.encoding.utf8
ext.encoding.utf8-encode
ext.encoding.utf8-decode-without-bom
ext.encoding.utf8-decode-without-bom-or-fail
ext.encoding.get-encoder
ext.encoding.io-queue
ext.encoding.encode-or-fail
ext.encoding.get-output-encoding
ext.encoding.iso-2022-jp-encoder
ext.uts46.standard
ext.uts46.unicode-to-ascii
ext.uts46.unicode-to-unicode
ext.psl.public-suffix
ext.psl.registrable-domain
ext.psl.rules-data
ext.fileapi.standard
ext.fileapi.blob-url-entry
ext.fileapi.resolve-blob-url
ext.fileapi.blob-url-entry-environment
ext.html.standard
ext.html.origin
ext.html.tuple-origin
ext.html.fresh-opaque-origin
ext.html.same-origin
ext.html.same-site
ext.html.schemelessly-same-site
ext.html.environment-settings-origin
ext.html.serialize-origin
ext.html.platform-object-extract-origin
ext.html.document-encoding
ext.webidl.standard
ext.webidl.bindings
ext.webidl.interface-exposure
ext.webidl.legacy-window-alias
ext.webidl.usvstring
ext.webidl.optional-arguments
ext.webidl.union-conversion
ext.webidl.sequence-conversion
ext.webidl.sequence-type
ext.webidl.record-conversion
ext.webidl.same-object
ext.webidl.iterable
ext.webidl.stringifier
ext.webidl.unsigned-long
ext.webidl.throw-typeerror
ext.webidl.platform-object-creation
ext.webidl.platform-object-identity
ext.webidl.boolean
ext.webidl.undefined
ext.webidl.nullable
ext.ecma262.encodeuricomponent
ext.iana.uri-schemes-registry
ext.unicode.bidirectional-algorithm
ext.unicode.confusable-character-advice
ext.unicode.utr36-advice
ext.rfc5952.recommendation
